INSERT INTO housing_association (id, name, number, number_of_flats, street) VALUES (1, 'Grunwald', 23, 3, 'Nowowiejska');
INSERT INTO housing_association (id, name, number, number_of_flats, street) VALUES (2, 'Ostatni Grosz', 10, 5, 'Legnicka');
INSERT INTO housing_association (id, name, number, number_of_flats, street) VALUES (3, 'Centrum', 2, 2, 'Kazimierza Wielkiego');
INSERT INTO housing_association (id, name, number, number_of_flats, street) VALUES (4, 'Rozanka', 66, 6, 'Trzebnicka');


INSERT INTO flat (id, number, area_sqr_meter, housing_association_id) VALUES (1, 1, 45, 1);
INSERT INTO flat (id, number, area_sqr_meter, housing_association_id) VALUES (2, 2, 23, 1);
INSERT INTO flat (id, number, area_sqr_meter, housing_association_id) VALUES (3, 3, 43, 1);
INSERT INTO flat (id, number, area_sqr_meter, housing_association_id) VALUES (4, 1, 56, 2);
INSERT INTO flat (id, number, area_sqr_meter, housing_association_id) VALUES (5, 2, 39, 2);
INSERT INTO flat (id, number, area_sqr_meter, housing_association_id) VALUES (6, 3, 34, 2);
INSERT INTO flat (id, number, area_sqr_meter, housing_association_id) VALUES (7, 4, 72, 2);
INSERT INTO flat (id, number, area_sqr_meter, housing_association_id) VALUES (8, 5, 25, 2);
INSERT INTO flat (id, number, area_sqr_meter, housing_association_id) VALUES (9, 1, 45, 3);
INSERT INTO flat (id, number, area_sqr_meter, housing_association_id) VALUES (10, 2, 23, 3);
INSERT INTO flat (id, number, area_sqr_meter, housing_association_id) VALUES (11, 1, 43, 4);
INSERT INTO flat (id, number, area_sqr_meter, housing_association_id) VALUES (12, 2, 56, 4);
INSERT INTO flat (id, number, area_sqr_meter, housing_association_id) VALUES (13, 3, 39, 4);
INSERT INTO flat (id, number, area_sqr_meter, housing_association_id) VALUES (14, 4, 34, 4);
INSERT INTO flat (id, number, area_sqr_meter, housing_association_id) VALUES (15, 5, 72, 4);
INSERT INTO flat (id, number, area_sqr_meter, housing_association_id) VALUES (16, 6, 25, 4);

INSERT INTO occupant (id, name, surname, gender, flat_id) VALUES (1, 'Wladimir', 'Putin', 'Male', 1);
INSERT INTO occupant (id, name, surname, gender, flat_id) VALUES (2, 'Angelina', 'Jolie', 'Female', 2);
INSERT INTO occupant (id, name, surname, gender, flat_id) VALUES (3, 'Bruce', 'Lee', 'Male', 2);
INSERT INTO occupant (id, name, surname, gender, flat_id) VALUES (4, 'Donald', 'Trump', 'Male', 3);
INSERT INTO occupant (id, name, surname, gender, flat_id) VALUES (5, 'Alicia', 'Keys', 'Female', 4);
INSERT INTO occupant (id, name, surname, gender, flat_id) VALUES (6, 'Borys', 'Jelcyn', 'Male', 4);
INSERT INTO occupant (id, name, surname, gender, flat_id) VALUES (7, 'Jack', 'Nicholson', 'Male', 4);
INSERT INTO occupant (id, name, surname, gender, flat_id) VALUES (8, 'Heath', 'Ledger', 'Male', 5);
INSERT INTO occupant (id, name, surname, gender, flat_id) VALUES (9, 'Bruce', 'Wills', 'Male', 5);
INSERT INTO occupant (id, name, surname, gender, flat_id) VALUES (10, 'Leonardo', 'DiCaprio', 'Male', 6);
INSERT INTO occupant (id, name, surname, gender, flat_id) VALUES (11, 'Alan', 'Rickman', 'Male', 7);
INSERT INTO occupant (id, name, surname, gender, flat_id) VALUES (12, 'Kevin', 'Spacey', 'Male', 7);
INSERT INTO occupant (id, name, surname, gender, flat_id) VALUES (13, 'Peter', 'Dinklage', 'Male', 7);
INSERT INTO occupant (id, name, surname, gender, flat_id) VALUES (14, 'Bryan', 'Cranston', 'Male', 8);
INSERT INTO occupant (id, name, surname, gender, flat_id) VALUES (15, 'Ian', 'McKellen', 'Male', 8);
INSERT INTO occupant (id, name, surname, gender, flat_id) VALUES (16, 'Al', 'Pacino', 'Male', 9);
INSERT INTO occupant (id, name, surname, gender, flat_id) VALUES (17, 'Tom', 'Hanks', 'Male', 10);
INSERT INTO occupant (id, name, surname, gender, flat_id) VALUES (18, 'Hugh', 'Laurie', 'Male', 10);
INSERT INTO occupant (id, name, surname, gender, flat_id) VALUES (19, 'Clint', 'Eastwood', 'Male', 11);
INSERT INTO occupant (id, name, surname, gender, flat_id) VALUES (20, 'Edward', 'Norton', 'Male', 12);
INSERT INTO occupant (id, name, surname, gender, flat_id) VALUES (21, 'Johnny', 'Depp', 'Male', 13);
INSERT INTO occupant (id, name, surname, gender, flat_id) VALUES (22, 'Eddie', 'Redmayne', 'Male', 13);
INSERT INTO occupant (id, name, surname, gender, flat_id) VALUES (23, 'Joe', 'Pesci', 'Male', 13);
INSERT INTO occupant (id, name, surname, gender, flat_id) VALUES (24, 'Anthony', 'Hopkins', 'Male', 14);
INSERT INTO occupant (id, name, surname, gender, flat_id) VALUES (25, 'Tom', 'Hardy', 'Male', 14);
INSERT INTO occupant (id, name, surname, gender, flat_id) VALUES (26, 'Brad', 'Pitt', 'Male', 14);
INSERT INTO occupant (id, name, surname, gender, flat_id) VALUES (27, 'Harrison', 'Ford', 'Male', 15);
INSERT INTO occupant (id, name, surname, gender, flat_id) VALUES (28, 'Andy', 'Serkis', 'Male', 15);
INSERT INTO occupant (id, name, surname, gender, flat_id) VALUES (29, 'Jennifer', 'Lopez', 'Female', 15);
INSERT INTO occupant (id, name, surname, gender, flat_id) VALUES (30, 'Sam', 'Claflin', 'Male', 16);
INSERT INTO occupant (id, name, surname, gender, flat_id) VALUES (31, 'Christian', 'Bale', 'Male', 16);
INSERT INTO occupant (id, name, surname, gender, flat_id) VALUES (32, 'Robin', 'Williams', 'Male', 16);
